,dataset,split,model_name_or_path,train_roc,val_roc,test_roc,prompt
0,esol,ckpts/gimlet_fp3modalnew/checkpoint-10000,0,0,2.310673952102661,Solubility (logS) can be approximated by negative LogP -0.01 * (MPt – 25) + 0.5 . What is the solubility of this molecule?,train
1,esol,ckpts/gimlet_fp3modalnew/checkpoint-10000,0,0,1.911571383476257,Solubility (logS) can be approximated by negative LogP -0.01 * (MPt – 25) + 0.5 . What is the logS of this molecule?,train
2,esol,ckpts/gimlet_fp3modalnew/checkpoint-10000,0,0,2.1098105907440186,Solubility (logS) can be approximated by negative LogP -0.01 * (MPt – 25) + 0.5 . Can you approximate the logS of this molecule by its negative logP and MPt?,train
3,esol,ckpts/gimlet_fp3modalnew/checkpoint-10000,0,0,2.310673952102661,Solubility (logS) can be approximated by negative LogP -0.01 * (MPt – 25) + 0.5 . What is the solubility of this molecule?,train
4,esol,ckpts/gimlet_fp3modalnew/checkpoint-10000,0,0,1.911571383476257,Solubility (logS) can be approximated by negative LogP -0.01 * (MPt – 25) + 0.5 . What is the logS of this molecule?,train
5,esol,ckpts/gimlet_fp3modalnew/checkpoint-10000,0,0,2.1098105907440186,Solubility (logS) can be approximated by negative LogP -0.01 * (MPt – 25) + 0.5 . Can you approximate the logS of this molecule by its negative logP and MPt?,train
6,esol,ckpts/gimlet_fp3modalnew/checkpoint-10000,0,0,15.66917896270752,An estimation of solubility (logS) can be made using negative LogP -0.01 * (MPt - 25) + 0.5. What is the ability of this molecule to dissolve?,train
7,esol,ckpts/gimlet_fp3modalnew/checkpoint-10000,0,0,2.014691114425659,"An estimation of solubility (logS) can be obtained through a calculation involving negative LogP, -0.01 multiplied by the difference between MPt and 25, plus 0.5. What value does the molecule's logS hold?",train
8,esol,ckpts/gimlet_fp3modalnew/checkpoint-10000,0,0,2.116739749908448,An estimation of solubility (logS) can be obtained through negative LogP -0.01 * (MPt-25) + 0.5. Is it possible to estimate the logS of this molecule using its negative logP and MPt?,train
9,esol,ckpts/gimlet_fp3modalnew/checkpoint-10000,0,0,2.0446882247924805,"One possible rephrased version of the prompt could be: A way to estimate the solubility of a compound can involve a formula that takes into account its negative logarithm of the partition coefficient (LogP), as well as a correction factor based on its melting point (MPt) relative to a reference temperature of 25 degrees Celsius. Specifically, this formula can be expressed as LogS ≈ -LogP -0.01 * (MPt - 25) + 0.5, where LogS represents the logarithm of the compound's aqueous solubility. Therefore, by analyzing the LogP and MPt values of a given compound, one may be able to make a prediction about its solubility in water or other polar solvents. Can you provide me with information about the extent to which this particular molecule is capable of dissolving in a given solvent or solution?",train
10,esol,ckpts/gimlet_fp3modalnew/checkpoint-10000,0,0,2.097452163696289,"One possible way to rephrase the given prompt longer could be: The solubility (logS) of a given substance, which refers to its ability to dissolve in a solvent such as water, can be estimated or calculated based on certain physicochemical properties of the substance. One such property is the logarithm of its partition coefficient (LogP), which is a measure of how much of the substance would preferentially dissolve in an oil phase versus an aqueous phase. However, since LogP alone may not capture all the factors affecting solubility, a more accurate approximation can be obtained by incorporating some other parameters as well. In particular, it has been found that the negative LogP value can be adjusted by adding a term that takes into account the melting point (MPt) of the substance relative to a standard temperature (here, 25 degrees Celsius) and multiplying it by a constant factor of -0.01. Additionally, another constant factor of 0.5 can be added to the overall equation to further improve the correlation between observed and predicted solubility data. Therefore, the final formula to estimate solubility based on LogP, MPt, and other relevant factors can be expressed as: logS = -LogP - 0.01*(MPt - 25) + 0.5. Can you tell me what the logarithmic value of the solubility (logS) is for this particular molecule?",train
11,esol,ckpts/gimlet_fp3modalnew/checkpoint-10000,0,0,2.1290628910064697,"An estimation of solubility (logS) can be calculated through a formula that includes the negative logarithm of the octanol-water partition coefficient (LogP), subtracted by an adjusted value of the melting point (MPt) minus 25, and finally adding 0.5 to the result. Is it possible for you to estimate and provide an approximate value for the logarithmic solubility (logS) of this particular molecule? In order to do so, you may utilize the negative logarithmic partition coefficient (logP) as well as the melting point (MPt) of the molecule.",train
12,esol,ckpts/gimlet_fp3modalnew/checkpoint-10000,0,0,2.310673952102661,Solubility (logS) can be approximated by negative LogP -0.01 * (MPt – 25) + 0.5 . What is the solubility of this molecule?,train
13,esol,ckpts/gimlet_fp3modalnew/checkpoint-10000,0,0,1.911571383476257,Solubility (logS) can be approximated by negative LogP -0.01 * (MPt – 25) + 0.5 . What is the logS of this molecule?,train
14,esol,ckpts/gimlet_fp3modalnew/checkpoint-10000,0,0,2.1098105907440186,Solubility (logS) can be approximated by negative LogP -0.01 * (MPt – 25) + 0.5 . Can you approximate the logS of this molecule by its negative logP and MPt?,train
15,esol,ckpts/gimlet_fp3modalnew/checkpoint-10000,0,0,15.66917896270752,An estimation of solubility (logS) can be made using negative LogP -0.01 * (MPt - 25) + 0.5. What is the ability of this molecule to dissolve?,train
16,esol,ckpts/gimlet_fp3modalnew/checkpoint-10000,0,0,2.014691114425659,"An estimation of solubility (logS) can be obtained through a calculation involving negative LogP, -0.01 multiplied by the difference between MPt and 25, plus 0.5. What value does the molecule's logS hold?",train
17,esol,ckpts/gimlet_fp3modalnew/checkpoint-10000,0,0,2.116739749908448,An estimation of solubility (logS) can be obtained through negative LogP -0.01 * (MPt-25) + 0.5. Is it possible to estimate the logS of this molecule using its negative logP and MPt?,train
18,esol,ckpts/gimlet_fp3modalnew/checkpoint-10000,0,0,2.0446882247924805,"One possible rephrased version of the prompt could be: A way to estimate the solubility of a compound can involve a formula that takes into account its negative logarithm of the partition coefficient (LogP), as well as a correction factor based on its melting point (MPt) relative to a reference temperature of 25 degrees Celsius. Specifically, this formula can be expressed as LogS ≈ -LogP -0.01 * (MPt - 25) + 0.5, where LogS represents the logarithm of the compound's aqueous solubility. Therefore, by analyzing the LogP and MPt values of a given compound, one may be able to make a prediction about its solubility in water or other polar solvents. Can you provide me with information about the extent to which this particular molecule is capable of dissolving in a given solvent or solution?",train
19,esol,ckpts/gimlet_fp3modalnew/checkpoint-10000,0,0,2.097452163696289,"One possible way to rephrase the given prompt longer could be: The solubility (logS) of a given substance, which refers to its ability to dissolve in a solvent such as water, can be estimated or calculated based on certain physicochemical properties of the substance. One such property is the logarithm of its partition coefficient (LogP), which is a measure of how much of the substance would preferentially dissolve in an oil phase versus an aqueous phase. However, since LogP alone may not capture all the factors affecting solubility, a more accurate approximation can be obtained by incorporating some other parameters as well. In particular, it has been found that the negative LogP value can be adjusted by adding a term that takes into account the melting point (MPt) of the substance relative to a standard temperature (here, 25 degrees Celsius) and multiplying it by a constant factor of -0.01. Additionally, another constant factor of 0.5 can be added to the overall equation to further improve the correlation between observed and predicted solubility data. Therefore, the final formula to estimate solubility based on LogP, MPt, and other relevant factors can be expressed as: logS = -LogP - 0.01*(MPt - 25) + 0.5. Can you tell me what the logarithmic value of the solubility (logS) is for this particular molecule?",train
20,esol,ckpts/gimlet_fp3modalnew/checkpoint-10000,0,0,2.1290628910064697,"An estimation of solubility (logS) can be calculated through a formula that includes the negative logarithm of the octanol-water partition coefficient (LogP), subtracted by an adjusted value of the melting point (MPt) minus 25, and finally adding 0.5 to the result. Is it possible for you to estimate and provide an approximate value for the logarithmic solubility (logS) of this particular molecule? In order to do so, you may utilize the negative logarithmic partition coefficient (logP) as well as the melting point (MPt) of the molecule.",train
21,esol,ckpts/gimlet_fp3modalnew/checkpoint-10000,0,0,2.020986795425415,"The relationship between solubility (logS) and other factors can be estimated through a mathematical formula. According to this formula, the negative logarithm of the partition coefficient (LogP) is a key factor in determining solubility. Additionally, the formula takes into account the melting point (MPt) of the substance being analyzed, with adjustments made based on how far the MPt deviates from 25 degrees Celsius. Finally, the formula adds a constant value of 0.5 to produce an accurate estimate of logS. Please provide information regarding the molecule's solubility.",train
22,esol,ckpts/gimlet_fp3modalnew/checkpoint-10000,0,0,2.296680212020874,"The solubility of a substance is a property that can be estimated using a mathematical formula. This formula takes into account three variables: LogP, which is the logarithm of the substance's partition coefficient, MPt, which is the melting point of the substance, and a constant value of 0.5. LogP is a measure of the substance's tendency to dissolve in either water or oil. The formula calculates solubility (logS) by taking the negative value of LogP and adding to it the product of -0.01 and the difference between the melting point (MPt) of the substance and 25 degrees Celsius. What is the value of logS for this particular molecule?",train
23,esol,ckpts/gimlet_fp3modalnew/checkpoint-10000,0,0,2.6076345443725586,"The solubility (represented as logS) of a substance can be estimated using a formula that involves three factors. Firstly, negative LogP is taken into account, which is a measure of the partition coefficient of the compound between water and octanol. Secondly, the melting point (MPt) of the substance is factored in by subtracting 25 from it and then multiplying it by -0.01. Finally, 0.5 is added as a constant in the formula. By using this formula, one can get an approximate idea of the solubility of the substance without having to conduct actual experiments. Would it be possible for you to estimate the logS of this molecule based on its MPt and negative logP?",train
24,esol,ckpts/gimlet_fp3modalnew/checkpoint-10000,0,0,2.036161422729492,"The solubility of a compound, represented as logS, can be approximated using a mathematical formula that incorporates its negative LogP value and the compound's melting point (MPt). The formula used to estimate solubility includes subtracting 0.01 times the difference between MPt and 25, and then adding 0.5 to the result. By utilizing this formula, solubility predictions can be made based on these key physicochemical properties. Could you estimate the solubility of this particular molecule based on its negative LogP and melting point?",train
25,esol,ckpts/gimlet_fp3modalnew/checkpoint-10000,0,0,2.036479949951172,"An estimation of solubility (logS) for a substance can be made by incorporating its negative LogP and adjusting it for its melting point (MPt). The formula includes the negative value of LogP and multiplies the difference between MPt and a standard reference temperature of 25 degrees Celsius by -0.01. A constant value of 0.5 is then added to refine the estimate. Is it possible to predict the solubility of this molecule using this formula, based on its MPt and LogP values?",train
26,esol,ckpts/gimlet_fp3modalnew/checkpoint-10000,0,0,20.375036239624023,"Given the following molecular properties, predict the solubility (logS) of the molecule. Please ensure the prediction is as accurate as possible based on the provided data.",train
27,esol,ckpts/gimlet_fp3modalnew/checkpoint-10000,0,0,20.349279403686523,"Based on the provided data for the molecule, calculate the solubility (logS). Your prediction should be accurate and based on the most relevant features.",train
28,esol,ckpts/gimlet_fp3modalnew/checkpoint-10000,0,0,2.222738265991211,"Using the provided LogP and MPt values, accurately estimate the solubility (logS) of the molecule. Make sure to consider the interaction between these two properties for a precise result.",train
29,esol,ckpts/gimlet_fp3modalnew/checkpoint-10000,0,0,4.7716264724731445,"Given the negative LogP and MPt data, please provide a precise estimate of the solubility (logS) for the molecule. Pay particular attention to how MPt influences solubility.",train
30,esol,ckpts/gimlet_fp3modalnew/checkpoint-10000,0,0,7.585919380187988,"Calculate the solubility (logS) of the molecule based on LogP and MPt. Provide your reasoning behind the prediction, focusing on how these two factors contribute to solubility.",train
31,esol,ckpts/gimlet_fp3modalnew/checkpoint-10000,0,0,2.5312931537628174,"Given the LogP and MPt values, predict the logS. Justify your prediction based on the relationship between LogP and MPt.",train
32,esol,ckpts/gimlet_fp3modalnew/checkpoint-10000,0,0,19.82595443725586,"Given the data on LogP and MPt, please provide a precise and accurate estimation of the solubility (logS) for the molecule. No additional assumptions are needed.",train
33,esol,ckpts/gimlet_fp3modalnew/checkpoint-10000,0,0,18.49845695495605,"Use the provided data to predict the solubility (logS) of the molecule. Your estimate should be based on the interaction between LogP and MPt, without relying on any outside information.",train
34,esol,ckpts/gimlet_fp3modalnew/checkpoint-10000,0,0,3.1029763221740723,Estimate the solubility (logS) of the molecule using the given LogP and MPt. Consider how these factors interact to influence the solubility prediction. Your answer should reflect the relationship between both variables.,train
35,esol,ckpts/gimlet_fp3modalnew/checkpoint-10000,0,0,18.238412857055664,"Using LogP, MPt, and any other relevant factors, provide a highly accurate solubility (logS) prediction for the molecule. Be sure to incorporate how each variable influences the outcome.",train
36,esol,ckpts/gimlet_fp3modalnew/checkpoint-10000,0,0,2.8360652923583984,Estimate the solubility (logS) using the provided LogP and MPt values. Do not make any assumptions beyond the provided data.,train
37,esol,ckpts/gimlet_fp3modalnew/checkpoint-10000,0,0,3.3239479064941406,"Given the molecular properties provided, predict the logS. Ensure that your answer relies solely on the available data without any extra assumptions.",train
38,esol,ckpts/gimlet_fp3modalnew/checkpoint-10000,0,0,2.141392707824707,"Based on the given LogP and MPt values, provide an accurate solubility (logS) prediction for the molecule, minimizing any potential errors.",train
39,esol,ckpts/gimlet_fp3modalnew/checkpoint-10000,0,0,16.834819793701172,Please predict the solubility (logS) of the molecule using the given data. Focus on delivering the most accurate result possible.,train
40,esol,ckpts/gimlet_fp3modalnew/checkpoint-10000,0,0,20.375036239624023,"Given the following molecular properties, predict the solubility (logS) of the molecule. Please ensure the prediction is as accurate as possible based on the provided data.",train
41,esol,ckpts/gimlet_fp3modalnew/checkpoint-10000,0,0,20.349279403686523,"Based on the provided data for the molecule, calculate the solubility (logS). Your prediction should be accurate and based on the most relevant features.",train
42,esol,ckpts/gimlet_fp3modalnew/checkpoint-10000,0,0,2.222738265991211,"Using the provided LogP and MPt values, accurately estimate the solubility (logS) of the molecule. Make sure to consider the interaction between these two properties for a precise result.",train
43,esol,ckpts/gimlet_fp3modalnew/checkpoint-10000,0,0,4.7716264724731445,"Given the negative LogP and MPt data, please provide a precise estimate of the solubility (logS) for the molecule. Pay particular attention to how MPt influences solubility.",train
44,esol,ckpts/gimlet_fp3modalnew/checkpoint-10000,0,0,7.585919380187988,"Calculate the solubility (logS) of the molecule based on LogP and MPt. Provide your reasoning behind the prediction, focusing on how these two factors contribute to solubility.",train
45,esol,ckpts/gimlet_fp3modalnew/checkpoint-10000,0,0,2.5312931537628174,"Given the LogP and MPt values, predict the logS. Justify your prediction based on the relationship between LogP and MPt.",train
46,esol,ckpts/gimlet_fp3modalnew/checkpoint-10000,0,0,19.82595443725586,"Given the data on LogP and MPt, please provide a precise and accurate estimation of the solubility (logS) for the molecule. No additional assumptions are needed.",train
47,esol,ckpts/gimlet_fp3modalnew/checkpoint-10000,0,0,18.49845695495605,"Use the provided data to predict the solubility (logS) of the molecule. Your estimate should be based on the interaction between LogP and MPt, without relying on any outside information.",train
48,esol,ckpts/gimlet_fp3modalnew/checkpoint-10000,0,0,3.1029763221740723,Estimate the solubility (logS) of the molecule using the given LogP and MPt. Consider how these factors interact to influence the solubility prediction. Your answer should reflect the relationship between both variables.,train
49,esol,ckpts/gimlet_fp3modalnew/checkpoint-10000,0,0,18.238412857055664,"Using LogP, MPt, and any other relevant factors, provide a highly accurate solubility (logS) prediction for the molecule. Be sure to incorporate how each variable influences the outcome.",train
50,esol,ckpts/gimlet_fp3modalnew/checkpoint-10000,0,0,2.8360652923583984,Estimate the solubility (logS) using the provided LogP and MPt values. Do not make any assumptions beyond the provided data.,train
51,esol,ckpts/gimlet_fp3modalnew/checkpoint-10000,0,0,3.3239479064941406,"Given the molecular properties provided, predict the logS. Ensure that your answer relies solely on the available data without any extra assumptions.",train
52,esol,ckpts/gimlet_fp3modalnew/checkpoint-10000,0,0,2.141392707824707,"Based on the given LogP and MPt values, provide an accurate solubility (logS) prediction for the molecule, minimizing any potential errors.",train
53,esol,ckpts/gimlet_fp3modalnew/checkpoint-10000,0,0,16.834819793701172,Please predict the solubility (logS) of the molecule using the given data. Focus on delivering the most accurate result possible.,train
